{
  "DisplayName": "Main",
  "Tooltip": null,
  "HelpLink": null,
  "Color": null,
  "OriginalIconFileName": null,
  "Arguments": [
    {
      "Name": "GetFileListConnections_1_Connection0",
      "DisplayName": "GetFileListConnections_1_Connection",
      "Category": null,
      "Tooltip": "Get File or Folder List",
      "Placeholder": null,
      "Widget": "Connection",
      "IsRequired": true,
      "IsPrincipal": true,
      "ArgumentType": 1,
      "DataSourceItems": null
    },
    {
      "Name": "GetFileListConnections_1_Connection0_Property0_Metadata",
      "DisplayName": "GetFileListConnections_1_In location",
      "Category": null,
      "Tooltip": "Get File or Folder List",
      "Placeholder": null,
      "Widget": null,
      "IsRequired": true,
      "IsPrincipal": true,
      "ArgumentType": 2,
      "DataSourceItems": null
    },
    {
      "Name": "SendEmailConnections_1_Connection1",
      "DisplayName": "SendEmailConnections_1_Connection",
      "Category": null,
      "Tooltip": "Send Email ",
      "Placeholder": null,
      "Widget": "Connection",
      "IsRequired": true,
      "IsPrincipal": true,
      "ArgumentType": 1,
      "DataSourceItems": null
    }
  ]
}